{"val/minADE6": 1.5674504041671753, "val/minFDE6": 3.8935325145721436, "val/miss_rate": 0.5393538475036621, "val/brier_fde": 4.555047512054443, "val/waymo/minADE6": 1.5674504041671753, "val/waymo/minFDE6": 3.8935325145721436, "val/waymo/miss_rate": 0.5393538475036621, "val/waymo/brier_fde": 4.555047512054443, "val/traj_type/stationary_minADE6": 0.7982137799263, "val/traj_type/stationary_minFDE6": 1.355307936668396, "val/traj_type/stationary_miss_rate": 0.17645978927612305, "val/traj_type/stationary_brier_fde": 1.6459633111953735, "val/traj_type/straight_minADE6": 1.1837589740753174, "val/traj_type/straight_minFDE6": 2.6556293964385986, "val/traj_type/straight_miss_rate": 0.4391230642795563, "val/traj_type/straight_brier_fde": 3.312150001525879, "val/traj_type/straight_right_minADE6": 2.1767895221710205, "val/traj_type/straight_right_minFDE6": 5.727555274963379, "val/traj_type/straight_right_miss_rate": 0.7571384906768799, "val/traj_type/straight_right_brier_fde": 6.4242048263549805, "val/traj_type/straight_left_minADE6": 1.668770432472229, "val/traj_type/straight_left_minFDE6": 4.207088470458984, "val/traj_type/straight_left_miss_rate": 0.70753014087677, "val/traj_type/straight_left_brier_fde": 4.866218566894531, "val/traj_type/right_turn_minADE6": 2.7717041969299316, "val/traj_type/right_turn_minFDE6": 8.019020080566406, "val/traj_type/right_turn_miss_rate": 0.7306066751480103, "val/traj_type/right_turn_brier_fde": 8.755897521972656, "val/traj_type/left_turn_minADE6": 1.6663658618927002, "val/traj_type/left_turn_minFDE6": 4.081930637359619, "val/traj_type/left_turn_miss_rate": 0.6463664770126343, "val/traj_type/left_turn_brier_fde": 4.759221076965332, "val/kalman/easy_minADE6": 1.2937839031219482, "val/kalman/easy_minFDE6": 2.983614444732666, "val/kalman/easy_miss_rate": 0.4951663017272949, "val/kalman/easy_brier_fde": 3.62518572807312, "val/kalman/medium_minADE6": 2.151670455932617, "val/kalman/medium_minFDE6": 5.659976482391357, "val/kalman/medium_miss_rate": 0.6107471585273743, "val/kalman/medium_brier_fde": 6.325881004333496, "val/kalman/hard_minADE6": 2.9575438499450684, "val/kalman/hard_minFDE6": 8.275020599365234, "val/kalman/hard_miss_rate": 0.6654753684997559, "val/kalman/hard_brier_fde": 8.863581657409668, "val/agent_types/vehicle_minADE6": 1.5674504041671753, "val/agent_types/vehicle_minFDE6": 3.8935325145721436, "val/agent_types/vehicle_miss_rate": 0.5393538475036621, "val/agent_types/vehicle_brier_fde": 4.555047512054443, "val/traj_type/left_u_turn_minADE6": 3.9171316623687744, "val/traj_type/left_u_turn_minFDE6": 10.855016708374023, "val/traj_type/left_u_turn_miss_rate": 0.9320755004882812, "val/traj_type/left_u_turn_brier_fde": 11.43934154510498, "val/traj_type/right_u_turn_minADE6": 3.576357841491699, "val/traj_type/right_u_turn_minFDE6": 9.663687705993652, "val/traj_type/right_u_turn_miss_rate": 1.0, "val/traj_type/right_u_turn_brier_fde": 9.951947212219238, "epoch": 0, "trainer/global_step": 0, "_timestamp": 1756928976.6671836, "_runtime": 521.0282006263733, "_step": 0, "_wandb": {"runtime": 521}}