{"val/minADE6": 1.5661381483078003, "val/minFDE6": 3.8874351978302, "val/miss_rate": 0.5426421761512756, "val/brier_fde": 4.54954719543457, "val/waymo/minADE6": 1.5661381483078003, "val/waymo/minFDE6": 3.8874351978302, "val/waymo/miss_rate": 0.5426421761512756, "val/waymo/brier_fde": 4.54954719543457, "val/traj_type/stationary_minADE6": 0.8148415088653564, "val/traj_type/stationary_minFDE6": 1.3820191621780396, "val/traj_type/stationary_miss_rate": 0.18481847643852234, "val/traj_type/stationary_brier_fde": 1.6853679418563843, "val/traj_type/straight_minADE6": 1.1812162399291992, "val/traj_type/straight_minFDE6": 2.6444826126098633, "val/traj_type/straight_miss_rate": 0.4417465925216675, "val/traj_type/straight_brier_fde": 3.3011722564697266, "val/traj_type/straight_right_minADE6": 2.135326385498047, "val/traj_type/straight_right_minFDE6": 5.590922832489014, "val/traj_type/straight_right_miss_rate": 0.75, "val/traj_type/straight_right_brier_fde": 6.288408279418945, "val/traj_type/straight_left_minADE6": 1.6986654996871948, "val/traj_type/straight_left_minFDE6": 4.287498474121094, "val/traj_type/straight_left_miss_rate": 0.7193494439125061, "val/traj_type/straight_left_brier_fde": 4.943220138549805, "val/traj_type/right_turn_minADE6": 2.7974231243133545, "val/traj_type/right_turn_minFDE6": 8.122495651245117, "val/traj_type/right_turn_miss_rate": 0.7353314757347107, "val/traj_type/right_turn_brier_fde": 8.859498023986816, "val/traj_type/left_u_turn_minADE6": 3.5540194511413574, "val/traj_type/left_u_turn_minFDE6": 9.866286277770996, "val/traj_type/left_u_turn_miss_rate": 0.9095744490623474, "val/traj_type/left_u_turn_brier_fde": 10.441237449645996, "val/traj_type/left_turn_minADE6": 1.6628540754318237, "val/traj_type/left_turn_minFDE6": 4.066927909851074, "val/traj_type/left_turn_miss_rate": 0.649776041507721, "val/traj_type/left_turn_brier_fde": 4.746297836303711, "val/kalman/easy_minADE6": 1.2933050394058228, "val/kalman/easy_minFDE6": 2.9790971279144287, "val/kalman/easy_miss_rate": 0.4998568892478943, "val/kalman/easy_brier_fde": 3.6224234104156494, "val/kalman/medium_minADE6": 2.1489808559417725, "val/kalman/medium_minFDE6": 5.644959449768066, "val/kalman/medium_miss_rate": 0.6119168400764465, "val/kalman/medium_brier_fde": 6.3105669021606445, "val/kalman/hard_minADE6": 2.91835880279541, "val/kalman/hard_minFDE6": 7.857718467712402, "val/kalman/hard_miss_rate": 0.6606741547584534, "val/kalman/hard_brier_fde": 8.449235916137695, "val/agent_types/vehicle_minADE6": 1.5661381483078003, "val/agent_types/vehicle_minFDE6": 3.8874351978302, "val/agent_types/vehicle_miss_rate": 0.5426421761512756, "val/agent_types/vehicle_brier_fde": 4.54954719543457, "val/traj_type/right_u_turn_minADE6": 3.6100497245788574, "val/traj_type/right_u_turn_minFDE6": 9.791573524475098, "val/traj_type/right_u_turn_miss_rate": 1.0, "val/traj_type/right_u_turn_brier_fde": 10.113675117492676, "epoch": 0, "trainer/global_step": 0, "_timestamp": 1756923411.0531838, "_runtime": 193.38753581047058, "_step": 0, "_wandb": {"runtime": 193}}